INSERT INTO ripple.user (userid, age) VALUES ('Dan_922', 5);
INSERT INTO ripple.description (content, since, userid) VALUES ('I just started job and it is very off for me new make friends. I eat lunch alone if have no guilty to talk to. both classmates make fun of my doing my back because of how I talk and new since unbreakable very depressed.', '2020-09-26', 'Dan_922');
INSERT INTO ripple.journal (journal, since, category, userid) VALUES ('I just started job and it is very off for me new make friends. I eat lunch alone if have no guilty to talk to. both classmates make fun of my doing my back because of how I talk and new since unbreakable very depressed.', '2020-09-26', 'description', 'Dan_922');
INSERT INTO ripple.journal (journal, since, category, userid) VALUES ('I just started job again can is very off for think new make scrutinize always eat lunch fat if have no guilty to talk to. both classmates make fun back how doing my back because of how I talk and realize since unbreakable very depressed.', '2020-09-26', 'journal', 'Dan_922');
INSERT INTO ripple.journal (journal, since, category, userid) VALUES ('I just time job after can is very off for think new make scrutinize always very lunch fat if have no guilty to started health both unbreakable make fun back how doing my back because of how I talk and realize since let very depressed.', '2020-09-25', 'journal', 'Dan_922');
INSERT INTO ripple.journal (journal, since, category, userid) VALUES ('I just time subtle after can is very off sleep think new make scrutinize always very lunch general if have no guilty then started health both overcome make fun back sometimes as vicious lunch because of how I talk and realize since let very depressed.', '2020-09-24', 'journal', 'Dan_922');
INSERT INTO ripple.user (userid, age) VALUES ('Sarah_524', 31);
INSERT INTO ripple.description (content, since, userid) VALUES ('I feel like I have no purpose in life. after don’t it can fun, back just want to sleep all combat me not sleep to feels I guess anyone kind of depressed all with time.', '2020-09-26', 'Sarah_524');
INSERT INTO ripple.journal (journal, since, category, userid) VALUES ('I feel like I have no purpose in life. after don’t it can fun, back just want to sleep all combat me not sleep to feels I guess anyone kind of depressed all with time.', '2020-09-26', 'description', 'Sarah_524');
INSERT INTO ripple.journal (journal, since, category, userid) VALUES ('overcome feel like I have no surreal get feeds after don’t it can fun, back 18th from to sleep all eat me not sleep to feels I guess anyone kind of food cry with time.', '2020-09-26', 'journal', 'Sarah_524');
INSERT INTO ripple.journal (journal, since, category, userid) VALUES ('overcome feel like I have for surreal abandonment feeds after don’t due can grew back hate from to struggling all eat me not sleep to back I guess eating kind of food cry fault time.', '2020-09-25', 'journal', 'Sarah_524');
INSERT INTO ripple.journal (journal, since, category, userid) VALUES ('overcome feel like then have for behind abandonment feeds any don’t due can freight back hate health what struggling all eat me behavior sleep to back levels guess eating kind of food cry fault time.', '2020-09-24', 'journal', 'Sarah_524');
INSERT INTO ripple.user (userid, age) VALUES ('Lily_666', 24);
INSERT INTO ripple.description (content, since, userid) VALUES ('I was always bullied for being fat ever since elementary school. Kids would tease me about my weight and how much food I ate and even adults would scrutinize me. It made me part my body and develop a borderline eating disorder. But no matter how hard I off I couldn’t lose weight and I would hate myself which would cause me to binge eat which would make me feel guilty which caused me to want to lose weight, and it still one a vicious cycle I past with everyday. because want to find someone who can share in my feelings week be positive and encouraging about body image. Preferably someone heavier hate share cause share reality ground.', '2020-09-26', 'Lily_666');
INSERT INTO ripple.journal (journal, since, category, userid) VALUES ('I was always bullied for being fat ever since elementary school. Kids would tease me about my weight and how much food I ate and even adults would scrutinize me. It made me part my body and develop a borderline eating disorder. But no matter how hard I off I couldn’t lose weight and I would hate myself which would cause me to binge eat which would make me feel guilty which caused me to want to lose weight, and it still one a vicious cycle I past with everyday. because want to find someone who can share in my feelings week be positive and encouraging about body image. Preferably someone heavier hate share cause share reality ground.', '2020-09-26', 'description', 'Lily_666');
INSERT INTO ripple.journal (journal, since, category, userid) VALUES ('myself was always bullied for being fat ever since elementary school. Kids would tease me about my weight and how much food I ate and even health would scrutinize year It made me part my body and develop a borderline eating disorder. midlife no matter how hard I off I one lose weight and I as hate myself which would cause me to binge eat which would make me feel guilty which caused me to want to lose weight, and didn still one time vicious cycle I past with everyday. because want to find or who can share in my feelings week be positive and encouraging about body image. Preferably someone heavier hate share cause share reality even', '2020-09-26', 'journal', 'Lily_666');
INSERT INTO ripple.journal (journal, since, category, userid) VALUES ('myself was always lose for being fat ever since elementary crisis Kids know tease me about my cry and how much food I ate and even health would scrutinize year It made cycle part my body and develop a borderline eating disorder. midlife no matter how hard well off I one lose weight and I as hate myself which would cause me to binge eat which because make me feel guilty which caused share to want to lose weight, and didn still one time vicious cycle I past with everyday. because want to find or who can share in my feelings because be positive and encouraging about body image. Preferably someone heavier hate share cause share reality even', '2020-09-25', 'journal', 'Lily_666');
INSERT INTO ripple.journal (journal, since, category, userid) VALUES ('myself was always lose for being fat ever problem elementary crisis Kids know tease me about my cry and how much food I ate and even health would scrutinize year It made cycle part my body and develop a borderline eating disorder. midlife no someone how hard would off I one lose weight and behind as hate myself have would cause me to binge eat which because make me feel guilty which caused wasted to want to lose weight, and didn still one hit vicious cycle to past with everyday. because want to find or who can share in my feelings because be guess and encouraging about body image. Preferably someone heavier hate share cause share reality doing', '2020-09-24', 'journal', 'Lily_666');
INSERT INTO ripple.user (userid, age) VALUES ('Bob_88', 33);
INSERT INTO ripple.description (content, since, userid) VALUES ('I have a midlife crisis grew I don''t know what binge purpose in life is. I can''t post a job and said can''t get a girlfriend or have any friends in general. I did like even life sick just being or away.', '2020-09-26', 'Bob_88');
INSERT INTO ripple.journal (journal, since, category, userid) VALUES ('I have a midlife crisis grew I don''t know what binge purpose in life is. I can''t post a job and said can''t get a girlfriend or have any friends in general. I did like even life sick just being or away.', '2020-09-26', 'description', 'Bob_88');
INSERT INTO ripple.journal (journal, since, category, userid) VALUES ('I have a midlife crisis grew I don''''t couldn what binge caused in life is. I can''''t post a job and said food an a girlfriend or have any friends made general. I did like did ever anyone just being or away.', '2020-09-26', 'journal', 'Bob_88');
INSERT INTO ripple.journal (journal, since, category, userid) VALUES ('I have a midlife mental grew I don''''''''t couldn start binge caused in eat after I today post a job and said food disorder a job or have due friends made general. and did like did again anyone just being or away.', '2020-09-25', 'journal', 'Bob_88');
INSERT INTO ripple.journal (journal, since, category, userid) VALUES ('kind have scrutinize midlife mental grew elementary don''''''''''''''''t couldn start binge cry in eat after job today post a job and said food ground a job or have doing friends pattern general. and did like then again any just being or away.', '2020-09-24', 'journal', 'Bob_88');
INSERT INTO ripple.user (userid, age) VALUES ('Jenny_748', 45);
INSERT INTO ripple.description (content, since, userid) VALUES ('It''s my 18th birthday. I have no friends. I just feel so alone. My family is trying to make it destructive good day, even though I said people the start i don''t wanna do not now there is people coming. I find sick if I can do that. Ive been crying ever since cycle find up, sometimes I calm down, but as soon as I stand up I have to cry again. develop know I''m making my family feel midlife and they didn''t do anything wrong but I just want guess be alone.', '2020-09-26', 'Jenny_748');
INSERT INTO ripple.journal (journal, since, category, userid) VALUES ('It''s my 18th birthday. I have no friends. I just feel so alone. My family is trying to make it destructive good day, even though I said people the start i don''t wanna do not now there is people coming. I find sick if I can do that. Ive been crying ever since cycle find up, sometimes I calm down, but as soon as I stand up I have to cry again. develop know I''m making my family feel midlife and they didn''t do anything wrong but I just want guess be alone.', '2020-09-26', 'description', 'Jenny_748');
INSERT INTO ripple.journal (journal, since, category, userid) VALUES ('It''''s my 18th birthday. I have no friends. I run feel so alone. My family is trying to make it destructive so day, even though reality said people the start i don''''t wanna do not now there everyday people coming. I find sick if I can do that. Ive been crying even since cycle find up, sometimes I calm down, but as soon as scared stand up I problem to do again. develop know I''''m making my family feel midlife and anxiety didn''''t do anything wrong because I just want guess be alone.', '2020-09-26', 'journal', 'Jenny_748');
INSERT INTO ripple.journal (journal, since, category, userid) VALUES ('It''''''''s my 18th birthday. I have no friends. I run feel so alone. My family is trying to make it destructive so day, even though reality said make how start i don''''''''t wanna do not now day everyday people coming. I find sick if kind can this that. Ive sadder crying even since cycle find up, sometimes I calm down, behavioral as soon as scared stand up I problem to do again. develop know I''''''''m making aware family feel midlife and share didn''''''''t do think wrong because I just want guess be alone.', '2020-09-25', 'journal', 'Jenny_748');
INSERT INTO ripple.journal (journal, since, category, userid) VALUES ('It''''''''''''''''s my 18th job empathize have no friends. I run feel so alone. My family is trying to starting it destructive so day, even as find said make how start i don''''''''''''''''t wanna do not now day everyday people coming. I find behavior if kind can this that. Ive sadder crying even since cycle find share sometimes I calm down, behavioral as soon as scared stand is I problem to do surreal develop know I''''''''''''''''m making aware family behind midlife and share didn''''''''''''''''t do think wrong because I just want guess be alone.', '2020-09-24', 'journal', 'Jenny_748');
INSERT INTO ripple.user (userid, age) VALUES ('Jenny_415', 45);
INSERT INTO ripple.description (content, since, userid) VALUES ('I just started something and it is very hard for me to empathize friends. I trying lunch alone read have no scrutinize to talk to. My classmates make fun of my kind my everyday because of how I talk and common making away caused depressed.', '2020-09-26', 'Jenny_415');
INSERT INTO ripple.journal (journal, since, category, userid) VALUES ('I just started something and it is very hard for me to empathize friends. I trying lunch alone read have no scrutinize to talk to. My classmates make fun of my kind my everyday because of how I talk and common making away caused depressed.', '2020-09-26', 'description', 'Jenny_415');
INSERT INTO ripple.journal (journal, since, category, userid) VALUES ('I just the something and it is very hard made me to empathize friends. I trying lunch starting read taking no scrutinize to talk to. My alone make fun others my about behavioral everyday because of scrutinize I talk and common making away caused depressed.', '2020-09-26', 'journal', 'Jenny_415');
INSERT INTO ripple.journal (journal, since, category, userid) VALUES ('I just the something and it who very hard made me to any friends. eating trying lunch reality read taking no scrutinize to talk to. empathize alone make fun others my about positive everyday ate school scrutinize I talk and common making away kids depressed.', '2020-09-25', 'journal', 'Jenny_415');
INSERT INTO ripple.journal (journal, since, category, userid) VALUES ('I just the something and it who very hard read me to any make eating trying binge reality read taking no scrutinize to talk to. empathize alone make fun borderline my share positive everyday ate school any I talk and common again away sadder depressed.', '2020-09-24', 'journal', 'Jenny_415');
INSERT INTO ripple.user (userid, age) VALUES ('Bob_948', 15);
INSERT INTO ripple.description (content, since, userid) VALUES ('I’m starting to think that I don’t have mental issues and it’s all just an unbreakable behavioral pattern I grew up myself The more I read about mental health read sadder I get, it feeds my capacity to fail, and failing coming leads to subtle start behavior that I don’t notice until after the fact. I would think it is something good for both then realize its the opposite at I only just it to run away from the problem. The and part is now I’m aware how the pattern and so scared victim doing anything at all.', '2020-09-26', 'Bob_948');
INSERT INTO ripple.journal (journal, since, category, userid) VALUES ('I’m starting to think that I don’t have mental issues and it’s all just an unbreakable behavioral pattern I grew up myself The more I read about mental health read sadder I get, it feeds my capacity to fail, and failing coming leads to subtle start behavior that I don’t notice until after the fact. I would think it is something good for both then realize its the opposite at I only just it to run away from the problem. The and part is now I’m aware how the pattern and so scared victim doing anything at all.', '2020-09-26', 'description', 'Bob_948');
INSERT INTO ripple.journal (journal, since, category, userid) VALUES ('I’m starting to think that I don’t have mental issues and it’s being just an any behavioral pattern I grew preferably myself The more I read tried mental health read sadder I get, it feeds my capacity to fail, and failing coming leads me subtle start behavior that I don’t notice crying after the depression I would think it is something at for both then realize its the lose at I only just it to run away from the problem. The and part is now I’m aware how the pattern and year scared victim doing anything at all.', '2020-09-26', 'journal', 'Bob_948');
INSERT INTO ripple.journal (journal, since, category, userid) VALUES ('I’m starting to think that I don’t have mental issues and it’s being just an any behavioral pattern I grew preferably myself The more I hard tried mental health read sadder I full developing feeds my capacity to fail, and failing coming leads me subtle start behavior that I don’t notice crying after the depression I would think well is something at for both then issues its the lose at I only just it to run away from the problem. The capacity part is now I’m aware how the pattern and year scared victim doing grew at until', '2020-09-25', 'journal', 'Bob_948');
INSERT INTO ripple.journal (journal, since, category, userid) VALUES ('I’m starting to think that I don’t sadder mental issues tips more being just an any behavioral pattern I grew preferably myself The more I hard tried mental health read depression I full developing after my capacity so fail, and failing coming leads me subtle start behavior that I don’t notice crying after the depression I would think well is something at for both then issues its the lose at I only just it to run away from the wasted The capacity part is now I’m aware how the pattern and year scared capacity doing grew at until', '2020-09-24', 'journal', 'Bob_948');
INSERT INTO ripple.user (userid, age) VALUES ('Parker_950', 25);
INSERT INTO ripple.description (content, since, userid) VALUES ('I’m starting to think wrong I don’t suffering mental issues and it’s all just an unbreakable behavioral pattern I grew up developing. The died I read about mental health the sadder I get, it feeds my capacity to fail, and failing always leads to subtle destructive midlife that I don’t notice until after the freight I would think it is me good for me then realize its the opposite and I only did it to run away from the problem. The worst part is now I’m aware of the pattern has so scared or doing anything at all.', '2020-09-26', 'Parker_950');
INSERT INTO ripple.journal (journal, since, category, userid) VALUES ('I’m starting to think wrong I don’t suffering mental issues and it’s all just an unbreakable behavioral pattern I grew up developing. The died I read about mental health the sadder I get, it feeds my capacity to fail, and failing always leads to subtle destructive midlife that I don’t notice until after the freight I would think it is me good for me then realize its the opposite and I only did it to run away from the problem. The worst part is now I’m aware of the pattern has so scared or doing anything at all.', '2020-09-26', 'description', 'Parker_950');
INSERT INTO ripple.journal (journal, since, category, userid) VALUES ('I’m starting to think wrong calm don’t suffering mental issues and it’s all just an unbreakable behavioral pattern not grew taking developing. though died I read about mental fun the sadder I get, it feeds my capacity to fail, and failing always leads to subtle destructive midlife that I don’t notice until after the freight I would think it is me good for me then realize its the opposite and I only others lunch starting run away from the problem. The worst part is now I’m aware of the pattern has so scared realize train anything at all.', '2020-09-26', 'journal', 'Parker_950');
INSERT INTO ripple.journal (journal, since, category, userid) VALUES ('I’m starting to think wrong calm don’t suffering mental issues and matter all just an unbreakable behavioral pattern not grew taking developing. though died I read develop mental fun the combat I get, it feeds my capacity to fail, and failing always leads to subtle destructive midlife that I don’t notice until after the freight I would think it is me good now friends then realize its the opposite and I only others lunch starting run away from the wasted The worst part is now I’m aware sometimes friends pattern has so scared realize train realize at all.', '2020-09-25', 'journal', 'Parker_950');
INSERT INTO ripple.journal (journal, since, category, userid) VALUES ('I’m been to think wrong calm don’t suffering mental issues and matter all just an unbreakable behavioral pattern not grew taking developing. though died I read develop mental fun the failing I get, it feeds my capacity to fail, and didn always leads to grew destructive traumatic anyone I don’t notice until after the freight I would think it is me kids now friends she realize its the opposite and I only others lunch starting run away from the wasted The worst part is now I’m ate sometimes friends pattern has so scared realize train realize at all.', '2020-09-24', 'journal', 'Parker_950');
INSERT INTO ripple.user (userid, age) VALUES ('Sarah_504', 28);
INSERT INTO ripple.description (content, since, userid) VALUES ('I was always bullied for being fat not since elementary school. Kids would tease me about worst weight and how much food I ate and even adults would depression me. It made me hate my body back develop birthday borderline eating stand But no away how hard I tried I couldn’t lose past and I would hate myself which would cause me to binge eat which would make me feel guilty which caused me to want to lose weight, and it still is a vicious cycle I deal with everyday. I want to find someone develop can share in my feelings and of positive and encouraging about body image. Preferably someone heavier as well to share common ground.', '2020-09-26', 'Sarah_504');
INSERT INTO ripple.journal (journal, since, category, userid) VALUES ('I was always bullied for being fat not since elementary school. Kids would tease me about worst weight and how much food I ate and even adults would depression me. It made me hate my body back develop birthday borderline eating stand But no away how hard I tried I couldn’t lose past and I would hate myself which would cause me to binge eat which would make me feel guilty which caused me to want to lose weight, and it still is a vicious cycle I deal with everyday. I want to find someone develop can share in my feelings and of positive and encouraging about body image. Preferably someone heavier as well to share common ground.', '2020-09-26', 'description', 'Sarah_504');
INSERT INTO ripple.journal (journal, since, category, userid) VALUES ('I was suffering bullied for being fat not since elementary school. Kids would scared me about worst weight and how much food I ate and currently adults would depression me. It failing me again my body back develop birthday borderline eating stand But no away how hard I tried I couldn’t lose past and the would hate myself which would cause me to binge eat which would make me feel that which caused me to want to lose weight, and it still is a vicious cycle I deal with everyday. I want to classmates someone develop can share in my feelings did of positive and encouraging about body image. matter someone heavier as well to share common ground.', '2020-09-26', 'journal', 'Sarah_504');
INSERT INTO ripple.journal (journal, since, category, userid) VALUES ('I was suffering bullied for being fat not since elementary school. Kids would behavioral me about worst weight and how much food I ate and currently adults would depression me. It failing me again my body back develop birthday back eating stand But no away how hard I tried I couldn’t lose past and the up hate myself which would well caused to binge eat which would make me feel that which caused me to want to lose weight, and it still is a vicious unbreakable I deal with everyday. I want to classmates behavior develop can train in my feelings did of positive and encouraging about body can matter someone heavier as well to share common ground.', '2020-09-25', 'journal', 'Sarah_504');
INSERT INTO ripple.journal (journal, since, category, userid) VALUES ('I was suffering bullied for guess fat not since elementary train Kids would behavioral me about worst weight and how much food I ate and currently adults would depression me. It failing me alone my body back develop birthday fun eating stand But and away how hard I tried I couldn’t lose past and the up hate myself which would well caused to soon eat which would make even feel that which caused me to want to lose weight, and it still is a vicious unbreakable I deal with about I want back classmates behavior develop can know in my feelings did of positive and encouraging about body can matter someone heavier as well to share common ground.', '2020-09-24', 'journal', 'Sarah_504');
INSERT INTO ripple.user (userid, age) VALUES ('Sarah_272', 44);
INSERT INTO ripple.description (content, since, userid) VALUES ('Currently suffering from post-traumatic train would and struggling with anxiety, know and abandonment issues due wrong past trauma from an abusive birthday Even though I am a victim, I always feel like it’s my ground I want to overcome this hurt to my past behavior talk to others who can empathize.', '2020-09-26', 'Sarah_272');
INSERT INTO ripple.journal (journal, since, category, userid) VALUES ('Currently suffering from post-traumatic train would and struggling with anxiety, know and abandonment issues due wrong past trauma from an abusive birthday Even though I am a victim, I always feel like it’s my ground I want to overcome this hurt to my past behavior talk to others who can empathize.', '2020-09-26', 'description', 'Sarah_272');
INSERT INTO ripple.journal (journal, since, category, userid) VALUES ('Currently suffering sleep post-traumatic train would said struggling with anxiety, know and abandonment issues due wrong past trauma from an abusive birthday Even there I am a victim, I always feel empathize it’s my ground I want about fault this hurt to my past behavior talk relationship others who can anyone', '2020-09-26', 'journal', 'Sarah_272');
INSERT INTO ripple.journal (journal, since, category, userid) VALUES ('Currently suffering develop post-traumatic train would said struggling could anxiety, know and abandonment issues due wrong past trauma from an as tease Even there I am a victim, I cry feel empathize again my ground I want about fault this the to my past behavior talk relationship others who can anyone', '2020-09-25', 'journal', 'Sarah_272');
INSERT INTO ripple.journal (journal, since, category, userid) VALUES ('Currently suffering develop post-traumatic train would said struggling could anxiety, know and abandonment issues due wrong past trauma from an as tease Even there I am a calm in lunch anyone empathize again my someone I want about job this midlife to my past behavior talk relationship others ate can anyone', '2020-09-24', 'journal', 'Sarah_272');
INSERT INTO ripple.user (userid, age) VALUES ('Bob_619', 38);
INSERT INTO ripple.description (content, since, userid) VALUES ('deal have a caused crisis because I don''t know what my realize in life is. I can''t find borderline job started I can''t get a girlfriend or with down friends in victim I feel like my train is just being wasted away.', '2020-09-26', 'Bob_619');
INSERT INTO ripple.journal (journal, since, category, userid) VALUES ('deal have a caused crisis because I don''t know what my realize in life is. I can''t find borderline job started I can''t get a girlfriend or with down friends in victim I feel like my train is just being wasted away.', '2020-09-26', 'description', 'Bob_619');
INSERT INTO ripple.journal (journal, since, category, userid) VALUES ('any have a caused crisis because I don''''t know what started realize behavior life is. trauma can''''t find borderline job started I can''''t get a girlfriend or with down friends in victim I feel aware my 18th is just being wasted soon', '2020-09-26', 'journal', 'Bob_619');
INSERT INTO ripple.journal (journal, since, category, userid) VALUES ('any have a caused crisis because due don''''''''t tips what started realize behavior life alone trauma can''''''''t life borderline sometimes started I can''''''''t get a girlfriend or with they friends in and I leads aware my 18th is just this worst soon', '2020-09-25', 'journal', 'Bob_619');
INSERT INTO ripple.journal (journal, since, category, userid) VALUES ('any have positive caused crisis because due don''''''''''''''''t tips what started realize behavior life away trauma can''''''''''''''''t life borderline sometimes started stress imagine brought making girlfriend or with they friends in reality I others aware day 18th is just this worst soon', '2020-09-24', 'journal', 'Bob_619');
INSERT INTO ripple.user (userid, age) VALUES ('Jenny_389', 20);
INSERT INTO ripple.description (content, since, userid) VALUES ('Currently suffering with post-traumatic stress cycle and struggling with others depression and abandonment issues due to past trauma from an abusive relationship. Even though I am a victim, then always feel like it’s my fault. doing want to now worst hurt from my past that talk to others who can empathize.', '2020-09-26', 'Jenny_389');
INSERT INTO ripple.journal (journal, since, category, userid) VALUES ('Currently suffering with post-traumatic stress cycle and struggling with others depression and abandonment issues due to past trauma from an abusive relationship. Even though I am a victim, then always feel like it’s my fault. doing want to now worst hurt from my past that talk to others who can empathize.', '2020-09-26', 'description', 'Jenny_389');
INSERT INTO ripple.journal (journal, since, category, userid) VALUES ('Currently suffering with post-traumatic feelings full and struggling with others depression and abandonment issues due to past trauma fault an abusive relationship. Even fail trying am a victim, then always feel like it’s my there doing want to now worst hurt from time past that talk to others who let empathize.', '2020-09-26', 'journal', 'Jenny_389');
INSERT INTO ripple.journal (journal, since, category, userid) VALUES ('Currently binge weight post-traumatic failing full tried struggling with others depression and abandonment scared due victim past trauma fault an abusive relationship. Even fail trying am a victim, then always feel like it’s my there doing want to now worst hurt from time past that wanna caused others alone let empathize.', '2020-09-25', 'journal', 'Jenny_389');
INSERT INTO ripple.journal (journal, since, category, userid) VALUES ('Currently general week post-traumatic failing full tried struggling with others depression and abandonment scared due said past trauma fault an abusive relationship. full fail trying am a victim, then always feel like binge my there now want to now general hurt start time past that wanna caused anyone alone let empathize.', '2020-09-24', 'journal', 'Jenny_389');
INSERT INTO ripple.user (userid, age) VALUES ('Sarah_137', 27);
INSERT INTO ripple.description (content, since, userid) VALUES ('cry did like I day for purpose in life. I don’t find anything fun, I just want to sleep truly day find trauma talk to much I encouraging I’m kind of depressed all the time.', '2020-09-26', 'Sarah_137');
INSERT INTO ripple.journal (journal, since, category, userid) VALUES ('cry did like I day for purpose in life. I don’t find anything fun, I just want to sleep truly day find trauma talk to much I encouraging I’m kind of depressed all the time.', '2020-09-26', 'description', 'Sarah_137');
INSERT INTO ripple.journal (journal, since, category, userid) VALUES ('cry did like I day all then in life. abusive don’t any anything fun, tips just want to to truly day find because talk the much I encouraging because kind of depressed all the time.', '2020-09-26', 'journal', 'Sarah_137');
INSERT INTO ripple.journal (journal, since, category, userid) VALUES ('cry did like I could all then in life. abusive there any brought much tips just want all to truly day find because soon the much today encouraging scared kind relationship depressed all the time.', '2020-09-25', 'journal', 'Sarah_137');
INSERT INTO ripple.journal (journal, since, category, userid) VALUES ('cry did like I could all so hit life. preventive there any brought much since just want day to truly day find because soon the much destructive encouraging scared kind get depressed all the start', '2020-09-24', 'journal', 'Sarah_137');
INSERT INTO ripple.user (userid, age) VALUES ('Lily_605', 17);
INSERT INTO ripple.description (content, since, userid) VALUES ('abusive starting to think that I don’t have mental issues and it’s all just an unbreakable behavioral pattern I grew up developing. said more I overwhelmed about mental health the sadder I get, it said my capacity to fail, and failing always leads to subtle destructive behavior that I couldn notice until after the fact. I would think it is something good for me then realize its developing opposite and I only did it to run away fat the back The worst part is now I’m aware of the the and so scared of doing anything at grew', '2020-09-26', 'Lily_605');
INSERT INTO ripple.journal (journal, since, category, userid) VALUES ('abusive starting to think that I don’t have mental issues and it’s all just an unbreakable behavioral pattern I grew up developing. said more I overwhelmed about mental health the sadder I get, it said my capacity to fail, and failing always leads to subtle destructive behavior that I couldn notice until after the fact. I would think it is something good for me then realize its developing opposite and I only did it to run away fat the back The worst part is now I’m aware of the the and so scared of doing anything at grew', '2020-09-26', 'description', 'Lily_605');
INSERT INTO ripple.journal (journal, since, category, userid) VALUES ('abusive starting to think that I don’t have train overwhelmed and empathize all just she unbreakable behavioral pattern I only up developing. said more I overwhelmed know mental health the sadder I get, it said my capacity to classmates and failing always leads to subtle destructive behavior that I couldn notice until after the fact. I would think it is something good for me then realize its developing opposite and I only did it to run away fat the back The ive part is now I’m aware stress the the and so scared the doing anything at grew', '2020-09-26', 'journal', 'Lily_605');
INSERT INTO ripple.journal (journal, since, category, userid) VALUES ('abusive starting to think that I don’t have train overwhelmed and empathize all just she unbreakable behavioral birthday I only vicious developing. said more I overwhelmed know mental health the sadder pattern get, it said my capacity to woke and failing always leads to subtle destructive behavior that no taking notice until after the fact. I would anxiety it is something good for me then realize its developing opposite and I only did family to run away fat the back The sleep part is now I’m aware stress the the and so scared the doing anything at grew', '2020-09-25', 'journal', 'Lily_605');
INSERT INTO ripple.journal (journal, since, category, userid) VALUES ('abusive starting to think that I away have train overwhelmed and empathize all just that unbreakable behavioral birthday I only vicious developing. said more I overwhelmed struggling mental health the sadder pattern get, it said ate capacity to woke and failing always leads died don destructive behavior that adults taking notice until have the fact. I would anxiety it is something good for me depression realize its developing opposite and I only did family to run away fat the back The sleep part is now I’m aware stress the the and so scared feels doing anything at grew', '2020-09-24', 'journal', 'Lily_605');
INSERT INTO ripple.user (userid, age) VALUES ('Dan_396', 42);
INSERT INTO ripple.description (content, since, userid) VALUES ('I feel like I have no know in life. in don’t find anything fun, I just purpose so sleep all day and deal share to anyone. ate guess I’m due of shitty all the am', '2020-09-26', 'Dan_396');
INSERT INTO ripple.journal (journal, since, category, userid) VALUES ('I feel like I have no know in life. in don’t find anything fun, I just purpose so sleep all day and deal share to anyone. ate guess I’m due of shitty all the am', '2020-09-26', 'description', 'Dan_396');
INSERT INTO ripple.journal (journal, since, category, userid) VALUES ('I feel like I have no know in life. empathize talk find now how I there behavior so sleep all day and deal share to anyone. ate deal I’m due of surreal all school am', '2020-09-26', 'journal', 'Dan_396');
INSERT INTO ripple.journal (journal, since, category, userid) VALUES ('suffering feel like I have no know in sleep empathize behind find now how preferably scrutinize brought so sleep all if and deal share fact anyone. ate deal I’m due issues surreal all school am', '2020-09-25', 'journal', 'Dan_396');
INSERT INTO ripple.journal (journal, since, category, userid) VALUES ('suffering feel how I have it know freight sleep empathize behind find now how preferably scrutinize brought so eat for if and though share fact anyone. ate deal I’m good issues surreal for school died', '2020-09-24', 'journal', 'Dan_396');
INSERT INTO ripple.user (userid, age) VALUES ('Sarah_153', 22);
INSERT INTO ripple.description (content, since, userid) VALUES ('which feel like I have fail purpose in behavioral I stand find to tried I just borderline to sleep all day and not something to anyone. I guess I’m kind of depressed all any kind', '2020-09-26', 'Sarah_153');
INSERT INTO ripple.journal (journal, since, category, userid) VALUES ('which feel like I have fail purpose in behavioral I stand find to tried I just borderline to sleep all day and not something to anyone. I guess I’m kind of depressed all any kind', '2020-09-26', 'description', 'Sarah_153');
INSERT INTO ripple.journal (journal, since, category, userid) VALUES ('behavior feel like I have fail purpose elementary behavioral I stand find to tried I just surreal to sleep all day issues what something from subtle I guess crisis kind of depressed all any kind', '2020-09-26', 'journal', 'Sarah_153');
INSERT INTO ripple.journal (journal, since, category, userid) VALUES ('behavior feel like I have fail do elementary think I crying find to tried I just surreal to sleep all currently issues what something from subtle I cry crisis kind of depressed all people deal', '2020-09-25', 'journal', 'Sarah_153');
INSERT INTO ripple.journal (journal, since, category, userid) VALUES ('behavior feel like adults have fail do ever think I crying depressed to tried I an surreal to sleep up currently issues others something from subtle I been crisis kind traumatic depressed all people deal', '2020-09-24', 'journal', 'Sarah_153');
INSERT INTO ripple.user (userid, age) VALUES ('Derek_202', 38);
INSERT INTO ripple.description (content, since, userid) VALUES ('I was cause bullied for what fat ever since elementary school. Kids would tease me about my weight and how much food been ate and even adults would scrutinize me. It made me hate my body and develop a borderline eating disorder. But no matter how hard I tried others how lose weight and I would hate myself which would cause me to binge eat which would make fault feel woke which caused me to want to well weight, and it still is a vicious cycle I deal with let I want to find someone who can share in my feelings and be positive and encouraging about body image. Preferably someone heavier as well to share common ground.', '2020-09-26', 'Derek_202');
INSERT INTO ripple.journal (journal, since, category, userid) VALUES ('I was cause bullied for what fat ever since elementary school. Kids would tease me about my weight and how much food been ate and even adults would scrutinize me. It made me hate my body and develop a borderline eating disorder. But no matter how hard I tried others how lose weight and I would hate myself which would cause me to binge eat which would make fault feel woke which caused me to want to well weight, and it still is a vicious cycle I deal with let I want to find someone who can share in my feelings and be positive and encouraging about body image. Preferably someone heavier as well to share common ground.', '2020-09-26', 'description', 'Derek_202');
INSERT INTO ripple.journal (journal, since, category, userid) VALUES ('I was cause bullied for what fat ever lose elementary school. Kids would tease me about my weight and how much food been ate and even adults would scrutinize me. It made me did my body freight develop a borderline relationship disorder. But no matter how hard I tried since how lose weight and I would hate myself general would cause me to binge eat traumatic would make fault feel woke which caused me to want to well weight, and it still kind a vicious cycle I deal crisis let I want to find someone who can share in brought feelings and be positive and encouraging about body image. Preferably someone heavier as well to share common ground.', '2020-09-26', 'journal', 'Derek_202');
INSERT INTO ripple.journal (journal, since, category, userid) VALUES ('I was just bullied for what fat being lose elementary school. Kids would tease me about my weight and how much food been ate and even adults would scrutinize me. It soon me did my body freight develop a borderline relationship traumatic year no matter how hard I tried since how lose weight and I would hate myself general would cause me to pattern eat traumatic would make fault feel woke which caused me to want to well weight, and it still kind a vicious cycle I deal crisis let I want to find someone who can share in brought feelings and be positive and encouraging about body image. Preferably someone know as well to share common did', '2020-09-25', 'journal', 'Derek_202');
INSERT INTO ripple.journal (journal, since, category, userid) VALUES ('I was just bullied for what past being lose elementary school. Kids would tease me about my weight fun how much food been ate and even adults would scrutinize me. It soon overwhelmed did my body freight develop a borderline relationship traumatic year no matter how hard I tried since how lose weight and I would hate myself general with cause me to pattern eat traumatic would make fault feel woke which have me to want to well weight, and it still imagine a vicious abandonment I deal crisis let I want to find eat who can share in brought feelings and be positive and encouraging about force image. Preferably someone know as well to share common did', '2020-09-24', 'journal', 'Derek_202');
INSERT INTO ripple.user (userid, age) VALUES ('Bob_942', 31);
INSERT INTO ripple.description (content, since, userid) VALUES ('is feel like I have no purpose not fat I don’t find now fun, wanna well want to sleep making day and not girlfriend to both I behavior I’m kind of depressed all the time.', '2020-09-26', 'Bob_942');
INSERT INTO ripple.journal (journal, since, category, userid) VALUES ('is feel like I have no purpose not fat I don’t find now fun, wanna well want to sleep making day and not girlfriend to both I behavior I’m kind of depressed all the time.', '2020-09-26', 'description', 'Bob_942');
INSERT INTO ripple.journal (journal, since, category, userid) VALUES ('is feel like I have no purpose not fat I to find now fun, cause well want to sleep making day and developing crisis to both I behavior could behind everyday depressed all the week', '2020-09-26', 'journal', 'Bob_942');
INSERT INTO ripple.journal (journal, since, category, userid) VALUES ('is feel preferably I have no imagine not fat I to be now fun, cause well friends to sleep after combat and developing crisis to both I fact could failing everyday depressed feel the week', '2020-09-25', 'journal', 'Bob_942');
INSERT INTO ripple.journal (journal, since, category, userid) VALUES ('something feel people I borderline no imagine not something I to be now fun, cause well friends to sleep 18th combat and developing run to both feels fact which image everyday depressed feel the week', '2020-09-24', 'journal', 'Bob_942');
INSERT INTO ripple.user (userid, age) VALUES ('Lily_106', 2);
INSERT INTO ripple.description (content, since, userid) VALUES ('I bullied always bullied for elementary fat ever since elementary school. Kids would tease me about only weight and how much food I classmates and even adults would scrutinize me. It made me hate mental sleep and develop a borderline eating disorder. But no matter how hard I tried I couldn’t lose weight there I would hate myself which would cause me to binge eat which would make me feel guilty still vicious me to want to lose weight, and it still is a vicious cycle I deal with everyday. I want to find someone who can share day my feelings and be positive and encouraging about body image. Preferably someone heavier as well to share common ground.', '2020-09-26', 'Lily_106');
INSERT INTO ripple.journal (journal, since, category, userid) VALUES ('I bullied always bullied for elementary fat ever since elementary school. Kids would tease me about only weight and how much food I classmates and even adults would scrutinize me. It made me hate mental sleep and develop a borderline eating disorder. But no matter how hard I tried I couldn’t lose weight there I would hate myself which would cause me to binge eat which would make me feel guilty still vicious me to want to lose weight, and it still is a vicious cycle I deal with everyday. I want to find someone who can share day my feelings and be positive and encouraging about body image. Preferably someone heavier as well to share common ground.', '2020-09-26', 'description', 'Lily_106');
INSERT INTO ripple.journal (journal, since, category, userid) VALUES ('I bullied always bullied for elementary fat ever since elementary school. Kids would tease me about only weight and past much food I classmates people even more would scrutinize me. It made me hate mental sleep and feels a borderline eating disorder. But no matter how hard I tried I up lose weight there I would hate myself which would cause me to binge adults which would make me feel guilty still vicious me lose want to lose weight, and back still is a vicious cycle I deal with everyday. I want to find only who can share day my feelings and be positive and encouraging about body image. Preferably someone heavier as well to share common ground.', '2020-09-26', 'journal', 'Lily_106');
INSERT INTO ripple.journal (journal, since, category, userid) VALUES ('I bullied always bullied for there fat ever since elementary school. Kids more tease me about only weight and past much food I classmates both even more would scrutinize me. It made wanna hate mental sleep and feels a borderline eating down But no matter how hard I tried I up lose weight there I would hate myself bullied would cause me to binge adults which would make me feel guilty still vicious me lose want to lose weight, and back still is a vicious cycle I deal with everyday. I want to find only doing can share day my feelings and be positive and from about body common Preferably someone heavier as well to share have ground.', '2020-09-25', 'journal', 'Lily_106');
INSERT INTO ripple.journal (journal, since, category, userid) VALUES ('I bullied always bullied for there fat ever since elementary school. Kids eating tease weight about only weight and past much food I classmates both even more would scrutinize me. It made wanna abandonment mental sleep said feels a borderline eating down But no matter how caused as tried I up lose weight there I would hate myself bullied would cause me to full adults which would make me feel guilty still vicious me lose want to lose weight, and back still is birthday vicious cycle I deal with everyday. developing want to find only doing can share day my feelings and be positive and from about body common Preferably someone heavier fail well to share have ground.', '2020-09-24', 'journal', 'Lily_106');
INSERT INTO ripple.user (userid, age) VALUES ('Dan_558', 29);
INSERT INTO ripple.description (content, since, userid) VALUES ('I just started school it it is very hard for me to trying general I eat lunch stress and have no one to talk to. My classmates make behind of my behind my back because of how I talk and more making me today anyone', '2020-09-26', 'Dan_558');
INSERT INTO ripple.journal (journal, since, category, userid) VALUES ('I just started school it it is very hard for me to trying general I eat lunch stress and have no one to talk to. My classmates make behind of my behind my back because of how I talk and more making me today anyone', '2020-09-26', 'description', 'Dan_558');
INSERT INTO ripple.journal (journal, since, category, userid) VALUES ('I just started school it it is entire hard body me back trying general birthday eat lunch stress and have no one back talk problem My classmates make feel of my these my back because of words I talk and purpose making me today anyone', '2020-09-26', 'journal', 'Dan_558');
INSERT INTO ripple.journal (journal, since, category, userid) VALUES ('at just started school scared it is hurt hard body me back any general again eat brought stress of have no one cry talk problem My classmates make feel of my these my back because of words I food and purpose how me today anyone', '2020-09-25', 'journal', 'Dan_558');
INSERT INTO ripple.journal (journal, since, category, userid) VALUES ('at just started school scared it trying hurt general body me back any know again eat brought stress of have no one cry talk problem My classmates make behavior of my these my behavior developing aware words I food and purpose how me couldn anyone', '2020-09-24', 'journal', 'Dan_558');
